emotion_score,cliffhanger_score,continuity_score,arc_deviation,is_flat_zone,drop_off_probability,drop_off_label
0.3745,9.5071,0.732,0.5987,0,0.3285,0
0.7081,0.2058,0.9699,0.8324,0,0.5482,1
0.1818,1.834,0.3042,0.5248,0,0.7082,1
0.1395,2.9214,0.3664,0.4561,1,0.6464,1
0.1997,5.1423,0.5924,0.0465,0,0.4043,0
0.0977,6.8423,0.4402,0.122,0,0.4979,0
0.0344,9.0932,0.2588,0.6625,0,0.6551,1
0.1849,9.6958,0.7751,0.9395,1,0.5585,1
0.5979,9.2187,0.0885,0.196,0,0.2852,0
0.2713,8.2874,0.3568,0.2809,0,0.3252,0
0.1409,8.022,0.0746,0.9869,1,0.7363,1
0.729,7.7127,0.074,0.3585,0,0.4197,0
0.8631,6.233,0.3309,0.0636,0,0.3496,0
0.6376,8.8721,0.4722,0.1196,1,0.303,0
0.7608,5.6128,0.771,0.4938,0,0.2914,0
0.1079,0.3143,0.6364,0.3144,0,0.6304,1
0.9076,2.4929,0.4104,0.7556,0,0.469,0
0.1612,9.297,0.8081,0.6334,1,0.4428,0
0.8037,1.8657,0.8926,0.5393,1,0.48,0
0.1101,2.2794,0.4271,0.818,1,0.825,1
0.007,5.1075,0.4174,0.2221,0,0.5675,1
0.3232,5.1879,0.703,0.3636,1,0.5192,1
0.9624,2.5178,0.4972,0.3009,0,0.3847,0
0.5027,0.5148,0.2786,0.9083,0,0.6678,1
0.1449,4.8945,0.9857,0.2421,0,0.3673,0
0.7282,3.6778,0.6323,0.6335,0,0.4648,0
0.0903,8.353,0.3208,0.1865,0,0.526,1
0.0166,5.1209,0.2265,0.6452,0,0.6874,1
0.6909,3.8674,0.9367,0.1375,0,0.2767,0
0.66,8.1722,0.5552,0.5297,0,0.3361,0
0.0931,8.9722,0.9004,0.6331,0,0.4374,0
0.8971,8.8709,0.7799,0.642,0,0.1566,0
0.1616,8.9855,0.6064,0.0092,0,0.3289,0
0.6919,6.5196,0.2243,0.7122,0,0.3826,0
0.3254,7.4649,0.6496,0.8492,0,0.3988,0
0.3677,2.652,0.244,0.973,0,0.683,1
0.892,6.3114,0.7948,0.5026,0,0.1838,0
0.7225,2.8077,0.0243,0.6455,0,0.5754,1
0.9405,9.5393,0.9149,0.3702,0,0.095,0
0.9667,9.6362,0.853,0.2944,0,0.1298,0
0.8511,3.1692,0.1695,0.5568,1,0.6233,1
0.0972,6.1501,0.9901,0.1401,0,0.4523,0
0.8774,7.4077,0.697,0.7025,0,0.3197,0
0.8101,8.6707,0.9132,0.5113,0,0.1512,0
0.7983,6.4996,0.702,0.7958,1,0.3768,0
0.094,5.7828,0.0359,0.4656,0,0.5406,1
0.2865,5.9083,0.0305,0.0373,1,0.556,1
0.5222,7.6999,0.2158,0.6229,0,0.422,0
0.0517,5.3135,0.5406,0.6374,1,0.6659,1
0.323,7.9519,0.2708,0.439,0,0.4645,0
0.0254,9.6265,0.836,0.696,0,0.3753,0
0.2502,5.4923,0.7146,0.6602,0,0.4629,0
0.9549,7.379,0.5544,0.6117,0,0.2342,0
0.7578,0.1439,0.1161,0.046,0,0.4759,0
0.8555,7.0366,0.4742,0.0978,0,0.1801,0
0.4339,3.985,0.6159,0.6351,0,0.4888,0
0.3746,6.2586,0.5031,0.8565,0,0.4863,0
0.5858,9.4023,0.5755,0.3882,0,0.2677,0
0.4583,5.4562,0.9415,0.3861,1,0.417,0
0.319,8.4488,0.0233,0.8145,0,0.5447,1
0.1182,6.9674,0.6289,0.8775,1,0.5858,1
0.1774,7.5061,0.8068,0.9905,0,0.5115,1
0.372,7.7641,0.3408,0.9308,1,0.6732,1
0.7545,1.0312,0.9026,0.5053,1,0.5037,1
0.32,8.9552,0.3892,0.0108,1,0.4116,0
0.9501,9.5061,0.5734,0.6318,0,0.1767,0
0.2932,3.2866,0.6725,0.7524,1,0.6215,1
0.5495,4.4153,0.8877,0.3509,0,0.3548,0
0.143,7.6151,0.6182,0.1011,0,0.3557,0
0.8219,7.0624,0.0813,0.0848,1,0.4393,0
0.3743,3.7064,0.8128,0.9472,1,0.5915,1
0.0835,7.7715,0.5584,0.4242,1,0.6159,1
0.1112,4.9263,0.0114,0.4687,0,0.706,1
0.5834,9.6217,0.3749,0.2857,1,0.4219,0
0.2236,9.6322,0.0122,0.9699,0,0.5517,1
0.993,0.738,0.5539,0.9693,0,0.5634,1
0.6294,6.9575,0.4545,0.6276,0,0.3816,0
0.6201,2.7738,0.1881,0.4637,0,0.5925,1
0.5837,0.7773,0.9744,0.9862,0,0.4382,0
0.8138,6.8473,0.1626,0.9109,1,0.5634,1
0.9498,7.2572,0.6134,0.4182,1,0.3312,0
0.8106,9.8728,0.1504,0.5941,0,0.2961,0
0.9699,8.4212,0.8383,0.4687,0,0.1521,0
0.8647,8.129,0.9997,0.9966,0,0.2367,0
0.769,9.4477,0.8496,0.2473,0,0.0731,0
0.6717,6.1813,0.3582,0.1136,0,0.3688,0
0.5203,7.7232,0.5202,0.8522,0,0.4633,0
0.4035,1.3402,0.0288,0.7551,0,0.7247,1
0.7041,2.1296,0.1364,0.0145,0,0.3984,0
0.4375,9.0416,0.3483,0.514,1,0.549,1
0.3965,6.2209,0.8624,0.9495,0,0.4335,0
0.2582,4.5914,0.98,0.4926,0,0.4654,0
0.6334,2.4015,0.0759,0.1289,0,0.4687,0
0.3457,8.9679,0.474,0.6676,0,0.4243,0
0.1923,0.4087,0.1689,0.2786,0,0.626,1
0.3643,5.0342,0.6904,0.0393,1,0.4661,0
0.6279,0.8176,0.8736,0.9209,0,0.5745,1
0.7483,1.8452,0.2093,0.3705,0,0.4903,0
0.6183,3.6891,0.4625,0.7475,0,0.5469,1
0.8952,5.1168,0.5321,0.1072,0,0.233,0
0.5326,2.4247,0.2692,0.3773,0,0.4938,0
0.3275,1.1976,0.8905,0.5936,0,0.5104,1
0.7892,4.9844,0.0869,0.5371,0,0.4443,0
0.1276,2.8378,0.3631,0.6459,0,0.7363,1
0.3561,9.8652,0.6058,0.2372,0,0.2565,0
0.1607,1.8657,0.2851,0.1734,1,0.6915,1
0.0802,5.2451,0.4104,0.9824,0,0.6574,1
0.8655,8.1707,0.2579,0.1709,0,0.2583,0
0.9294,5.5676,0.5716,0.28,1,0.3501,0
0.4254,5.0761,0.2424,0.1148,0,0.41,0
0.2886,5.8124,0.1544,0.4811,0,0.5373,1
0.1344,0.6337,0.99,0.3224,1,0.6274,1
0.2546,6.815,0.7602,0.5956,0,0.3307,0
0.9295,8.3062,0.965,0.1243,1,0.1425,0
0.9383,1.8123,0.0665,0.7411,0,0.5529,1
0.7953,2.0163,0.1637,0.1643,1,0.5883,1
0.6652,5.2307,0.3588,0.8772,0,0.4741,0
0.3769,4.6268,0.3014,0.7476,0,0.6339,1
0.2322,8.9957,0.3839,0.5436,1,0.4826,0
0.9398,6.2771,0.3349,0.1393,1,0.395,0
0.6201,5.3346,0.8939,0.7886,0,0.3199,0
0.7439,0.3353,0.5699,0.7625,1,0.6135,1
0.3421,8.2126,0.1106,0.8465,0,0.5873,1
0.1499,2.2925,0.7223,0.72,0,0.5851,1
0.6939,5.4272,0.2518,0.3457,0,0.4237,0
0.4009,4.6201,0.9473,0.1534,0,0.3865,0
0.5059,6.1145,0.0181,0.8721,1,0.7564,1
0.9225,7.0724,0.1525,0.5763,0,0.3927,0
0.4241,7.3644,0.9344,0.9256,0,0.5019,1
0.399,0.5476,0.3352,0.8029,0,0.7134,1
0.3335,3.9817,0.5374,0.9199,0,0.6412,1
0.4522,2.246,0.4524,0.1409,0,0.4593,0
0.4984,4.1893,0.9148,0.3624,0,0.3203,0
0.9611,1.4866,0.4146,0.0853,1,0.5208,1
0.5022,5.9539,0.0671,0.75,0,0.5392,1
0.1907,0.3655,0.4721,0.5648,0,0.6894,1
0.7755,4.5329,0.5244,0.4408,0,0.3225,0
0.1819,8.6179,0.9461,0.3733,0,0.3229,0
0.644,4.0873,0.0254,0.1562,1,0.5803,1
0.222,2.3107,0.6719,0.0197,0,0.4953,0
0.7999,1.7854,0.6527,0.2382,0,0.4423,0
0.8557,8.3022,0.3972,0.6681,0,0.2608,0
0.2931,8.9634,0.013,0.0855,0,0.3346,0
0.8927,8.1744,0.3418,0.2594,0,0.3404,0
0.5903,2.6806,0.6241,0.4094,0,0.3709,0
0.9485,7.6361,0.1401,0.8685,0,0.3588,0
0.8946,7.9986,0.4252,0.0225,0,0.3125,0
0.2579,1.3936,0.8349,0.9844,0,0.658,1
0.1717,2.7231,0.0184,0.9143,0,0.6774,1
0.5542,6.5142,0.8297,0.2064,0,0.3086,0
0.1369,9.0002,0.8739,0.5974,0,0.3104,0
0.9144,4.1877,0.3831,0.5189,0,0.4225,0
0.1663,7.3803,0.0828,0.6032,0,0.4847,0
0.3557,7.1905,0.2971,0.5664,0,0.431,0
0.6637,9.3683,0.7326,0.2149,0,0.2191,0
0.0514,4.9637,0.5968,0.3342,1,0.5431,1
0.1066,0.7514,0.7282,0.4955,0,0.5516,1
0.8191,7.9942,0.6947,0.2721,0,0.1873,0
0.361,0.9158,0.9173,0.1368,1,0.5034,1
0.5419,8.7295,0.7322,0.8066,0,0.3159,0
0.6923,8.492,0.2497,0.4894,0,0.3866,0
0.0339,6.9742,0.2973,0.9244,1,0.7182,1
0.9443,4.7421,0.862,0.8445,0,0.2557,0
0.1206,0.7695,0.6963,0.3399,1,0.7335,1
0.0654,3.1529,0.5395,0.7907,0,0.6932,1
0.6159,2.3296,0.0244,0.8701,0,0.6659,1
0.8747,5.2894,0.9391,0.7988,1,0.4658,0
0.4019,4.7988,0.6275,0.8737,1,0.5769,1
0.7683,4.1777,0.4214,0.7376,0,0.4439,0
0.2872,2.9631,0.2336,0.0421,0,0.5087,1
0.9877,4.2777,0.3843,0.6796,0,0.3915,0
0.8791,9.4473,0.4674,0.6134,0,0.2041,0
0.9912,2.3167,0.9427,0.6496,0,0.2631,0
0.1765,2.2049,0.1864,0.7796,0,0.7231,1
0.0578,9.691,0.8838,0.9278,1,0.4886,0
0.7582,6.9602,0.1539,0.8158,0,0.3846,0
0.2238,5.3697,0.5929,0.5801,0,0.4833,0
0.1295,8.8875,0.9557,0.8621,1,0.5184,1
0.6552,5.5086,0.087,0.4085,0,0.509,1
0.4959,0.8105,0.2202,0.6833,0,0.6126,1
0.8512,4.9515,0.4806,0.5924,1,0.5476,1
0.5657,2.6703,0.8786,0.7974,0,0.4158,0
0.8506,8.6729,0.7084,0.837,0,0.3115,0
0.7527,1.5861,0.8809,0.8718,0,0.5454,1
0.8258,1.2887,0.3351,0.7435,0,0.5703,1
0.5075,0.0639,0.287,0.6169,1,0.7764,1
0.6318,2.598,0.634,0.54,1,0.5816,1
0.5413,9.6299,0.3419,0.6326,1,0.4322,0
0.1025,9.3723,0.6879,0.0678,0,0.2976,0
0.5822,3.4588,0.6209,0.0457,1,0.4921,0
0.9735,9.6888,0.7497,0.1301,1,0.179,0
0.7704,6.833,0.4459,0.2736,1,0.3025,0
0.4262,4.5139,0.1636,0.7948,0,0.6506,1
0.2733,9.5086,0.1511,0.4323,1,0.5966,1
0.4197,6.3853,0.3976,0.2742,1,0.56,1
0.23,2.131,0.0311,0.6517,0,0.7098,1
0.8644,4.7321,0.9682,0.1855,1,0.3615,0
0.8448,7.6102,0.6262,0.1312,0,0.2411,0
0.9208,6.1665,0.7965,0.4815,0,0.2665,0
0.4303,2.0052,0.4916,0.0642,0,0.4557,0
0.269,7.9756,0.3104,0.4552,0,0.441,0
0.4799,6.0002,0.2917,0.695,1,0.5615,1
0.7799,0.3962,0.4805,0.1049,0,0.5829,1
0.7025,5.5965,0.0098,0.3265,0,0.4524,0
0.0879,3.5063,0.0332,0.0786,0,0.6378,1
0.6895,8.0059,0.2002,0.1675,0,0.2694,0
0.6364,7.0648,0.0316,0.9362,0,0.6037,1
0.871,7.1409,0.8017,0.3395,1,0.3265,0
0.0801,8.9482,0.5476,0.8173,0,0.4947,0
0.7316,0.8163,0.0604,0.2471,0,0.6767,1
0.8718,2.1921,0.9759,0.3369,0,0.3526,0
0.4982,5.5536,0.7192,0.2285,1,0.5057,1
0.9748,6.5033,0.1995,0.6802,0,0.4279,0
0.7272,7.4271,0.4255,0.3459,0,0.3066,0
0.9876,0.4011,0.867,0.5787,0,0.3992,0
0.8734,9.007,0.4217,0.2768,0,0.3077,0
0.9124,2.1066,0.623,0.6316,1,0.5489,1
0.909,1.7968,0.2375,0.9714,0,0.5328,1
0.8544,4.9228,0.2472,0.8707,0,0.3582,0
0.593,1.6352,0.3911,0.9694,0,0.6316,1
0.6567,3.2519,0.7735,0.1309,1,0.3754,0
0.0735,1.6976,0.5198,0.337,1,0.7137,1
0.4309,2.4871,0.6171,0.7068,0,0.5926,1
0.4746,8.4417,0.8057,0.5854,1,0.4659,0
0.2058,1.1192,0.2697,0.0571,0,0.6131,1
0.9339,3.1616,0.5072,0.0416,0,0.2747,0
0.9866,9.6512,0.0049,0.9518,0,0.3489,0
0.5156,4.8885,0.6669,0.1397,0,0.4163,0
0.3079,7.0468,0.2019,0.6734,1,0.6361,1
0.4438,8.6814,0.1771,0.6926,1,0.5145,1
0.9446,6.8325,0.4972,0.6178,1,0.3797,0
0.9309,6.8953,0.6765,0.2157,0,0.2108,0
0.3939,6.5123,0.1066,0.6578,1,0.6838,1
0.7824,5.6702,0.7384,0.8785,0,0.3558,0
0.327,6.6759,0.8078,0.7623,1,0.5852,1
0.1202,5.4449,0.0058,0.3246,0,0.5911,1
0.3962,6.9547,0.3886,0.4487,0,0.3672,0
0.0732,6.0345,0.6682,0.6195,0,0.4799,0
0.3798,8.6333,0.5191,0.4792,0,0.3063,0
0.3988,5.8017,0.5336,0.6079,1,0.4841,0
0.813,7.1812,0.9555,0.0182,0,0.1303,0
0.927,0.6027,0.9344,0.3516,0,0.3856,0
0.4859,2.5678,0.2849,0.3073,1,0.545,1
0.6103,7.1615,0.2726,0.4135,0,0.4099,0
0.1811,6.8112,0.1814,0.5252,1,0.6509,1
0.2566,9.6293,0.4835,0.806,0,0.3743,0
0.0434,6.3315,0.9514,0.6016,1,0.535,1
0.212,6.1098,0.411,0.8399,1,0.6776,1
0.3534,2.3687,0.7805,0.2748,1,0.6667,1
0.0955,6.2386,0.4518,0.5866,0,0.4952,0
0.7369,8.628,0.2167,0.0957,0,0.3392,0
0.5467,2.3195,0.3909,0.5945,0,0.6359,1
0.9878,1.3644,0.6951,0.4043,0,0.4326,0
0.9913,1.2839,0.1041,0.7243,0,0.6067,1
0.2742,0.7942,0.0857,0.8942,0,0.7196,1
0.355,0.6942,0.5191,0.0676,1,0.6112,1
0.2337,5.4001,0.8801,0.6509,0,0.3926,0
0.6695,9.9414,0.6618,0.5578,1,0.274,0
0.4652,0.6014,0.5623,0.9576,0,0.5973,1
0.5358,0.9668,0.4504,0.7562,0,0.6419,1
0.6649,7.9545,0.9272,0.2346,0,0.1985,0
0.842,5.2096,0.6236,0.0891,1,0.4109,0
0.1277,8.2607,0.782,0.7087,0,0.3666,0
0.3601,0.8764,0.937,0.5538,0,0.4849,0
0.397,4.472,0.6006,0.5157,1,0.5864,1
0.8514,2.0851,0.9306,0.1164,1,0.4059,0
0.3806,8.7797,0.8681,0.8059,1,0.4134,0
0.403,1.7352,0.695,0.3461,1,0.5983,1
0.641,8.2248,0.1325,0.862,1,0.669,1
0.7648,1.7484,0.5026,0.3987,0,0.4506,0
0.3675,0.6817,0.0258,0.1352,1,0.7782,1
0.4325,3.1182,0.5061,0.4395,0,0.5157,1
0.6408,2.1604,0.6196,0.6502,0,0.4642,0
0.9949,0.5778,0.695,0.9837,0,0.4894,0
0.1422,1.2138,0.3033,0.101,0,0.6333,1
0.9967,8.1397,0.6152,0.3063,0,0.1431,0
0.527,4.2608,0.1307,0.8866,0,0.5719,1
0.4141,8.2754,0.7336,0.7693,0,0.3083,0
0.4162,4.8134,0.0192,0.2598,1,0.6421,1
0.2152,0.1212,0.2412,0.9759,1,0.8348,1
0.9596,4.8785,0.1097,0.548,0,0.3644,0
0.3247,7.3736,0.476,0.3759,0,0.4068,0
0.4594,7.8502,0.8921,0.9553,1,0.5216,1
0.4376,2.5467,0.8409,0.0384,1,0.4457,0
0.4615,6.372,0.6594,0.8951,0,0.4138,0
0.5184,1.5017,0.7374,0.5122,0,0.5131,1
0.0417,0.8479,0.7163,0.0721,0,0.5416,1
0.2965,3.497,0.7747,0.6614,0,0.5802,1
0.1741,0.984,0.6603,0.7644,0,0.6899,1
0.3819,2.0569,0.1214,0.615,1,0.8263,1
0.6439,5.303,0.042,0.9685,1,0.7396,1
0.7481,8.1177,0.6565,0.1281,0,0.2973,0
0.9281,2.2462,0.3722,0.4321,0,0.4699,0
0.2407,1.215,0.1975,0.8869,0,0.7543,1
0.2859,8.1595,0.8614,0.8465,1,0.5303,1
0.4605,8.42,0.7285,0.7764,0,0.3124,0
0.1774,5.4503,0.9847,0.9374,0,0.4811,0
0.726,8.1779,0.2135,0.5059,1,0.4521,0
0.7328,5.4224,0.5903,0.5084,0,0.4529,0
0.8733,6.3629,0.7611,0.1601,0,0.2438,0
0.0093,2.4668,0.7265,0.9918,0,0.7415,1
0.204,5.5508,0.7331,0.616,0,0.4571,0
0.3554,7.8379,0.5542,0.0052,1,0.3435,0
0.1489,3.056,0.8767,0.9963,0,0.5399,1
0.4486,7.2207,0.8862,0.593,0,0.417,0
0.0032,6.1959,0.3555,0.7942,0,0.5738,1
0.5882,4.8097,0.6423,0.0649,0,0.433,0
0.6035,6.7647,0.805,0.2698,1,0.47,0
0.4983,0.7706,0.0586,0.3342,1,0.7881,1
0.5173,4.402,0.1475,0.3282,0,0.5424,1
0.0886,2.2061,0.5982,0.7357,1,0.7619,1
0.4212,6.3618,0.7857,0.1183,0,0.3433,0
0.8398,3.8383,0.5719,0.5878,0,0.3281,0
0.0262,0.2419,0.8317,0.2731,0,0.5521,1
0.2987,9.4068,0.2593,0.4297,1,0.4873,0
0.8026,4.5819,0.483,0.1335,0,0.3554,0
0.7279,4.9646,0.4369,0.7295,1,0.5589,1
0.1354,7.5138,0.657,0.9566,0,0.4479,0
0.0571,2.8219,0.2617,0.247,1,0.6938,1
0.7594,4.4974,0.7767,0.0654,0,0.2336,0
0.0336,0.6265,0.9064,0.1392,0,0.4743,0
0.8998,0.2182,0.6638,0.9634,0,0.4789,0
0.9368,0.5226,0.4188,0.2602,1,0.4999,0
0.5653,4.6393,0.972,0.6085,0,0.3947,0
0.1141,1.5125,0.2253,0.251,1,0.8196,1
0.1148,8.6014,0.7228,0.0677,1,0.562,1
0.5435,0.8173,0.4583,0.4847,0,0.5482,1
0.4118,6.5097,0.5454,0.0623,0,0.4525,0
0.8064,4.5924,0.052,0.7863,0,0.4827,0
0.3302,7.5675,0.5194,0.2049,1,0.4418,0
0.8796,8.7058,0.2388,0.4512,1,0.3858,0
0.9092,5.387,0.4978,0.1055,0,0.2406,0
0.8221,3.8042,0.7756,0.9645,0,0.3284,0
0.7929,5.7759,0.6346,0.7979,0,0.3813,0
0.9151,5.3303,0.158,0.6959,1,0.5758,1
0.9061,2.769,0.9835,0.1407,0,0.2434,0
0.1842,8.9399,0.6543,0.1521,0,0.2909,0
0.8824,8.036,0.5052,0.9671,0,0.3425,0
0.9841,6.6792,0.6347,0.166,1,0.2421,0
0.0126,5.5976,0.5274,0.7194,1,0.6686,1
0.0794,7.315,0.1874,0.8582,1,0.7923,1
0.3144,4.7117,0.8216,0.4593,0,0.4522,0
0.4942,8.2825,0.3352,0.1738,1,0.4087,0
0.3479,4.5035,0.7488,0.6511,0,0.4553,0
0.3524,8.4145,0.4713,0.9791,0,0.4807,0
0.3251,6.8633,0.0696,0.1749,1,0.5356,1
0.2272,8.3704,0.2793,0.6429,0,0.3859,0
0.2126,0.3319,0.3039,0.6532,1,0.8304,1
0.8712,7.6606,0.7884,0.665,0,0.2581,0
0.5604,1.1099,0.4471,0.4604,1,0.6888,1
0.5466,3.804,0.9768,0.1107,0,0.3094,0
0.8583,2.9222,0.9108,0.754,1,0.4998,0
0.018,9.6281,0.7267,0.3048,1,0.49,0
0.1126,7.0369,0.5407,0.0965,0,0.3978,0
0.0124,4.6877,0.3013,0.5984,0,0.6883,1
0.0481,9.0289,0.8523,0.6678,0,0.3536,0
0.8923,1.8533,0.079,0.2395,1,0.5956,1
0.9954,8.557,0.5214,0.0636,1,0.2263,0
0.599,1.1493,0.0939,0.9096,0,0.7161,1
0.4304,3.1695,0.4346,0.7739,0,0.7109,1
0.8925,4.4338,0.6071,0.6313,0,0.3164,0
0.5124,1.0422,0.3845,0.4877,0,0.626,1
0.9505,6.0065,0.7436,0.5063,0,0.2541,0
0.3619,4.7249,0.0456,0.14,0,0.5204,1
0.9715,3.3135,0.482,0.1961,0,0.296,0
0.5166,0.0551,0.0077,0.2191,0,0.6171,1
0.108,3.3886,0.8026,0.572,0,0.5655,1
0.397,0.8709,0.6171,0.1138,0,0.5092,1
0.5074,8.7422,0.4935,0.7023,1,0.4476,0
0.3946,4.2183,0.411,0.9076,1,0.6461,1
0.6079,3.0937,0.8238,0.9551,1,0.591,1
0.6866,1.1449,0.3838,0.4562,0,0.5049,1
0.121,4.1895,0.7512,0.071,0,0.4801,0
0.6686,6.7867,0.3619,0.5937,0,0.3875,0
0.6361,9.1329,0.6126,0.8737,1,0.4284,0
0.1421,0.1171,0.422,0.295,0,0.6336,1
0.5772,0.4374,0.123,0.5586,0,0.6945,1
0.8456,6.9249,0.4299,0.673,0,0.4102,0
0.3063,7.8899,0.4464,0.7984,1,0.4762,0
0.5822,3.7117,0.6011,0.7056,0,0.4441,0
0.3746,1.6686,0.4305,0.1426,1,0.5934,1
0.0254,6.4582,0.6369,0.3406,0,0.4521,0
0.4096,3.1122,0.6771,0.6058,0,0.6043,1
0.1406,4.8559,0.0275,0.5055,1,0.7164,1
0.3842,0.39,0.031,0.388,0,0.6041,1
0.9001,1.1614,0.9559,0.314,1,0.4283,0
0.6029,8.2671,0.984,0.2884,1,0.2207,0
0.3404,5.4141,0.1541,0.5537,0,0.4804,0
0.7619,8.3365,0.4404,0.3023,0,0.2036,0
0.9664,5.5771,0.3473,0.5805,0,0.3155,0
0.444,6.2623,0.4889,0.4018,1,0.5282,1
0.5694,6.2066,0.2013,0.3951,0,0.4854,0
0.4755,5.4302,0.2277,0.964,1,0.6806,1
0.87,1.3065,0.7905,0.1248,1,0.5424,1
0.2758,8.7709,0.944,0.1488,0,0.2508,0
0.8635,5.8873,0.3753,0.2858,0,0.3448,0
0.7618,3.8654,0.5113,0.4923,0,0.4749,0
0.7645,5.7353,0.956,0.2005,0,0.2088,0
0.854,4.3915,0.847,0.8931,0,0.3626,0
0.5104,6.2659,0.9264,0.0191,0,0.3022,0
0.6877,7.2271,0.6925,0.1344,0,0.3002,0
0.2788,2.107,0.9574,0.0089,1,0.5004,1
0.6768,8.2847,0.2946,0.0143,1,0.4012,0
0.1429,7.5343,0.7689,0.6585,1,0.569,1
0.8459,6.136,0.0886,0.4876,0,0.3279,0
0.066,3.4882,0.111,0.8082,1,0.7463,1
0.0723,9.5512,0.5226,0.2996,0,0.4586,0
0.7071,0.5023,0.0729,0.4029,0,0.6042,1
0.2324,2.81,0.8035,0.9292,0,0.5724,1
0.4764,2.2603,0.6405,0.979,0,0.6135,1
0.3578,6.4782,0.1229,0.8887,0,0.6843,1
0.6248,0.7178,0.6826,0.2419,1,0.5075,1
0.8225,8.0396,0.5525,0.5202,0,0.2338,0
0.4967,2.8427,0.1338,0.6296,0,0.6527,1
0.7486,3.1759,0.0001,0.5111,0,0.592,1
0.0627,8.3934,0.0038,0.2468,1,0.5671,1
0.3163,1.0189,0.3602,0.2704,1,0.7602,1
0.8919,4.3382,0.9099,0.3773,1,0.3383,0
0.0893,6.8702,0.4938,0.3876,0,0.5071,1
0.6664,9.6605,0.761,0.9508,1,0.3432,0
0.2981,1.0536,0.7818,0.6441,0,0.6045,1
0.5004,4.3273,0.4577,0.2089,0,0.4286,0
0.3698,0.5236,0.7676,0.4165,1,0.631,1
0.6574,4.7228,0.8802,0.2157,0,0.3244,0
0.6078,2.953,0.1366,0.6516,1,0.7336,1
0.3951,7.1321,0.1992,0.8902,0,0.4625,0
0.3678,0.5809,0.1115,0.5159,0,0.6194,1
0.0193,1.2437,0.4136,0.4929,0,0.6424,1
0.5309,5.9513,0.0099,0.4641,1,0.7073,1
0.3119,7.7399,0.7729,0.5213,1,0.4743,0
0.1256,0.1695,0.7702,0.8072,0,0.7296,1
0.518,3.481,0.3717,0.0014,0,0.4048,0
0.6465,9.7419,0.8471,0.0236,1,0.2637,0
0.458,3.9801,0.3029,0.0657,0,0.4992,0
0.2466,4.8408,0.7474,0.4738,0,0.4916,0
0.0756,3.6568,0.2254,0.1958,0,0.6083,1
0.6224,7.8132,0.5783,0.147,1,0.3015,0
0.6741,2.599,0.3452,0.9175,0,0.651,1
0.47,8.9014,0.7077,0.0622,0,0.1788,0
0.9579,5.2966,0.2419,0.5006,0,0.3705,0
0.0762,2.747,0.807,0.4597,0,0.5279,1
0.1657,4.4554,0.2092,0.05,1,0.6364,1
0.9812,7.9314,0.8538,0.242,1,0.2347,0
0.2595,4.37,0.5936,0.0731,0,0.4629,0
0.9812,1.9011,0.7926,0.9079,1,0.5267,1
0.9773,7.5731,0.1617,0.4769,1,0.4463,0
0.2473,6.4062,0.6666,0.1627,0,0.3868,0
0.0121,0.0904,0.357,0.9262,0,0.8899,1
0.6344,2.2208,0.3217,0.848,1,0.6799,1
0.0292,4.8089,0.6624,0.1185,0,0.4401,0
0.3978,9.1953,0.9933,0.0449,1,0.2156,0
0.7543,9.1843,0.9509,0.5771,0,0.1021,0
0.7875,2.51,0.5641,0.3586,0,0.3833,0
0.9182,1.018,0.506,0.2209,0,0.392,0
0.036,1.7522,0.8668,0.2825,1,0.5804,1
0.5801,5.167,0.7588,0.2825,0,0.4397,0
0.8941,9.4646,0.8926,0.4194,1,0.2089,0
0.2047,5.9113,0.1861,0.3316,1,0.4604,0
0.2071,0.7116,0.069,0.9408,0,0.8675,1
0.8358,3.3219,0.6936,0.7711,0,0.3999,0
0.1516,8.7588,0.5391,0.2825,0,0.4184,0
0.0546,9.7308,0.2261,0.3042,0,0.3169,0
0.2304,0.0147,0.7293,0.9668,0,0.752,1
0.8484,4.2263,0.3029,0.3253,1,0.5404,1
0.8168,1.8161,0.3709,0.9019,1,0.7254,1
0.661,0.7846,0.5445,0.7093,0,0.4727,0
0.7806,5.8377,0.9522,0.0424,0,0.1162,0
0.7144,7.5901,0.1025,0.5139,0,0.4399,0
0.3693,9.3292,0.8275,0.6972,1,0.4577,0
0.6946,7.2898,0.8617,0.2741,1,0.3227,0
0.1952,3.4534,0.3356,0.9785,1,0.8302,1
0.5621,9.4709,0.4963,0.3805,0,0.33,0
0.7862,7.3444,0.3844,0.0252,1,0.357,0
0.235,7.0487,0.8171,0.5464,1,0.5211,1
0.0517,5.048,0.7185,0.8626,0,0.5835,1
0.3966,1.3172,0.8653,0.1573,0,0.5312,1
0.29,8.7141,0.6727,0.7967,0,0.4566,0
0.8328,9.0609,0.0122,0.674,0,0.4654,0
0.5489,2.8763,0.3068,0.353,0,0.579,1
0.4045,0.6835,0.7838,0.2858,0,0.4711,0
0.6854,3.3246,0.0566,0.3739,1,0.693,1
0.6323,1.9899,0.4183,0.7509,0,0.6185,1
0.2779,2.7632,0.432,0.9804,0,0.5919,1
0.9707,1.133,0.4036,0.7379,1,0.6072,1
0.4227,3.4652,0.3976,0.2643,0,0.4131,0
0.2875,6.5676,0.9685,0.6036,0,0.3715,0
0.0756,9.5142,0.2973,0.0921,0,0.475,0
0.2674,0.1511,0.965,0.2509,0,0.5856,1
0.7066,6.1001,0.3129,0.2711,0,0.3577,0
0.5876,7.0114,0.6801,0.4082,0,0.3318,0
0.5829,2.531,0.4503,0.9576,0,0.5627,1
0.6725,9.7701,0.1019,0.0083,0,0.2907,0
0.0926,7.4838,0.9145,0.434,0,0.4684,0
0.0091,5.8945,0.6133,0.6377,0,0.5193,1
0.7141,0.9139,0.1993,0.8775,1,0.7009,1
0.2476,0.6253,0.4589,0.7327,0,0.6439,1
0.6729,0.8115,0.9515,0.8385,1,0.5229,1
0.6168,7.4288,0.7379,0.5214,0,0.3139,0
0.3711,9.2077,0.5844,0.5383,0,0.3854,0
0.6665,7.8739,0.4543,0.6302,0,0.3373,0
0.7055,4.276,0.4425,0.6493,1,0.5303,1
0.0219,3.0105,0.5026,0.0562,0,0.4734,0
0.9271,1.0539,0.7644,0.4097,0,0.3602,0
0.1605,0.7049,0.1856,0.6642,1,0.8266,1
0.8141,6.8513,0.1104,0.2892,0,0.3672,0
0.5356,3.5689,0.3538,0.8286,1,0.5796,1
0.3078,9.1379,0.9528,0.3267,0,0.2927,0
0.8763,1.0257,0.3927,0.5534,0,0.5051,1
0.1939,8.5882,0.6769,0.8379,1,0.5147,1
0.6105,1.6037,0.6736,0.1793,0,0.521,1
0.2296,1.1755,0.1653,0.002,1,0.7302,1
0.1614,0.8355,0.0191,0.1657,1,0.8929,1
0.2415,3.5427,0.1053,0.2224,0,0.5248,1
0.0577,3.9103,0.2342,0.2196,1,0.7344,1
0.6163,5.5688,0.4158,0.4289,0,0.4643,0
0.1717,5.0011,0.412,0.8705,0,0.658,1
0.5325,1.1539,0.6056,0.1172,0,0.5004,1
0.2063,3.9186,0.8957,0.2043,0,0.3921,0
0.4193,0.1812,0.7928,0.069,0,0.593,1
0.6886,2.5327,0.01,0.7234,0,0.6563,1
0.8361,8.2139,0.8433,0.4851,0,0.1867,0
0.1834,8.5497,0.8826,0.4663,0,0.4126,0
0.3878,8.0354,0.9018,0.2035,0,0.2484,0
0.5418,9.6807,0.0666,0.6483,0,0.4551,0
0.3755,8.0381,0.4335,0.9972,0,0.424,0
0.3505,3.7253,0.0687,0.3696,0,0.5579,1
0.7227,6.5673,0.7088,0.0084,0,0.2214,0
0.0053,8.0449,0.7728,0.5484,0,0.5405,1
0.7665,5.8371,0.782,0.7517,1,0.3824,0
0.6712,6.2047,0.7423,0.1699,0,0.2759,0
0.8904,7.4998,0.9082,0.7587,0,0.2738,0
0.5788,6.3239,0.1565,0.4739,1,0.5709,1
0.2709,2.0225,0.3138,0.2415,0,0.6376,1
0.5071,1.8792,0.077,0.6962,0,0.648,1
0.8218,6.5951,0.7962,0.2719,0,0.2332,0
0.6364,3.2451,0.2695,0.1909,0,0.4656,0
0.2187,5.953,0.2646,0.662,1,0.6987,1
0.1877,0.8838,0.6989,0.3683,0,0.63,1
0.0311,2.5958,0.0337,0.8792,0,0.7626,1
0.6668,3.2303,0.8979,0.8881,0,0.4434,0
0.901,9.9616,0.8254,0.8449,0,0.1522,0
0.0949,9.9889,0.3266,0.7482,1,0.5798,1
0.858,9.9763,0.2415,0.0404,0,0.2547,0
0.5662,3.1278,0.6543,0.232,0,0.3887,0
0.7644,6.2374,0.7623,0.0389,1,0.3787,0
0.6246,8.6443,0.5869,0.581,1,0.5053,1
0.7567,4.4229,0.7074,0.3892,0,0.3802,0
0.9291,3.4191,0.5277,0.2116,1,0.4493,0
0.9811,6.4951,0.8044,0.7151,0,0.2529,0
0.6748,6.7753,0.3731,0.9417,0,0.412,0
0.5004,6.9088,0.6971,0.6486,0,0.3957,0
0.5993,1.7936,0.7051,0.4552,0,0.4225,0
0.8374,1.6973,0.0191,0.7791,0,0.6451,1
0.8028,9.6092,0.5359,0.4885,0,0.2521,0
0.1537,5.7261,0.277,0.9213,0,0.5356,1
0.052,0.3174,0.4233,0.0846,0,0.7112,1
0.881,8.8291,0.659,0.2112,1,0.2564,0
0.7374,2.8652,0.8026,0.9972,0,0.4793,0
0.8974,6.2263,0.9734,0.465,1,0.3048,0
0.067,9.7534,0.817,0.8525,1,0.4809,0
0.0851,3.856,0.071,0.2108,0,0.544,1
0.101,1.6749,0.1473,0.9731,1,0.8795,1
0.9678,4.3974,0.2784,0.7983,0,0.3894,0
0.1297,2.5646,0.3553,0.674,0,0.6326,1
0.2105,8.0902,0.1469,0.3426,1,0.4808,0
0.5634,8.038,0.1371,0.5807,0,0.4202,0
0.1441,6.24,0.2736,0.4878,0,0.4509,0
0.8224,0.5698,0.4186,0.4584,1,0.5927,1
0.5743,6.6721,0.777,0.8622,0,0.4414,0
0.9895,8.8952,0.3715,0.1952,0,0.1976,0
0.7416,4.9257,0.4832,0.8382,0,0.4323,0
0.3282,4.5399,0.7624,0.126,0,0.4509,0
0.9514,1.7549,0.5677,0.5793,0,0.3712,0
0.5527,3.7217,0.6617,0.1412,0,0.4221,0
0.1853,2.7864,0.2187,0.1828,1,0.7228,1
0.9699,5.7126,0.143,0.3745,1,0.4542,0
0.3674,0.8702,0.5568,0.8451,1,0.7734,1
0.2205,2.1821,0.8741,0.2497,0,0.4432,0
0.0007,8.7067,0.7926,0.6273,1,0.5171,1
0.3512,0.9378,0.4861,0.9207,0,0.6158,1
0.2915,2.0754,0.2381,0.9084,0,0.7831,1
0.1545,4.8727,0.43,0.5969,1,0.6584,1
0.7694,3.9787,0.8276,0.1707,0,0.2684,0
0.5106,6.1513,0.9106,0.5099,0,0.2767,0
0.0502,0.3491,0.5512,0.4382,1,0.7048,1
0.0496,7.246,0.1116,0.6083,0,0.5741,1
0.1735,3.7975,0.8014,0.3921,1,0.6075,1
0.2369,6.7739,0.5658,0.9291,0,0.4915,0
0.0662,0.1916,0.8269,0.5247,1,0.7059,1
0.0301,9.6149,0.6679,0.9332,0,0.4002,0
0.6115,6.785,0.3175,0.8481,1,0.5739,1
0.2775,2.8162,0.9634,0.0103,1,0.5317,1
0.7062,6.2269,0.9901,0.3119,0,0.23,0
0.261,3.4339,0.8346,0.9355,0,0.5152,1
0.3725,9.2863,0.0618,0.0924,0,0.325,0
0.9681,4.4671,0.5015,0.2467,0,0.3256,0
0.6619,7.5118,0.7539,0.5779,1,0.4234,0
0.0556,0.0688,0.2124,0.6635,0,0.826,1
0.4024,8.8459,0.8956,0.9092,0,0.2861,0
0.1906,1.8463,0.3421,0.43,1,0.7892,1
0.1199,7.3493,0.5315,0.2879,0,0.4754,0
0.4338,1.6441,0.1166,0.5467,1,0.6697,1
0.344,7.33,0.6587,0.9316,1,0.6476,1
0.8984,3.9952,0.3268,0.0108,1,0.4823,0
0.801,1.0445,0.5769,0.464,0,0.4801,0
0.7389,0.3244,0.6587,0.5323,0,0.4697,0
0.1725,5.6797,0.2964,0.9383,1,0.7147,1
0.3475,0.5035,0.0528,0.692,0,0.7638,1
0.2265,6.1397,0.2529,0.5776,0,0.5667,1
0.4774,3.5082,0.3626,0.8057,0,0.5954,1
0.2091,0.8469,0.4667,0.4821,1,0.7235,1
0.8084,8.2362,0.3846,0.4591,0,0.2277,0
0.9326,1.1864,0.9337,0.6839,0,0.3958,0
0.4077,1.6122,0.6564,0.9712,0,0.5884,1
0.7148,0.6845,0.4177,0.1164,0,0.4937,0
0.0768,3.5467,0.5507,0.4032,1,0.6991,1
0.8147,6.1183,0.3735,0.2553,0,0.2729,0
0.6758,6.5816,0.0701,0.3953,0,0.3395,0
0.1568,8.273,0.0419,0.4192,0,0.5248,1
0.2314,5.0243,0.7315,0.9581,0,0.5897,1
0.8862,9.343,0.9164,0.6354,0,0.2334,0
0.5313,6.7744,0.4285,0.7315,1,0.5099,1
0.1464,8.3293,0.5403,0.8447,0,0.5188,1
0.2512,8.4421,0.484,0.5141,0,0.4036,0
0.573,3.2521,0.0393,0.272,0,0.6175,1
0.3458,6.7109,0.8054,0.9468,0,0.4086,0
0.7833,2.6593,0.9903,0.0258,0,0.3443,0
0.1204,9.3853,0.1812,0.6228,0,0.5499,1
0.3072,5.4646,0.4172,0.1602,0,0.5247,1
0.898,0.8413,0.3931,0.1002,0,0.4129,0
0.6617,6.0245,0.163,0.2338,0,0.3876,0
0.8684,9.2646,0.4196,0.0506,0,0.1533,0
0.5739,3.929,0.0287,0.5833,0,0.5366,1
0.0403,5.8835,0.3977,0.9738,0,0.6802,1
0.2752,7.0944,0.2715,0.9042,0,0.5182,1
0.4261,8.3236,0.8056,0.2243,0,0.2698,0
0.8173,9.304,0.0954,0.4501,0,0.3489,0
0.0513,4.9254,0.4421,0.3344,0,0.5124,1
0.5299,1.6137,0.572,0.8054,1,0.6669,1
0.2682,3.6107,0.4085,0.6797,0,0.5864,1
0.0347,3.9191,0.6972,0.1934,0,0.5395,1
0.8957,2.9729,0.23,0.4113,0,0.4363,0
0.6724,8.2606,0.6731,0.8244,0,0.3472,0
0.3605,6.7127,0.2706,0.0812,1,0.4818,0
0.1562,9.8842,0.9773,0.7938,0,0.3907,0
0.2894,4.6768,0.6194,0.4112,0,0.4863,0
0.3303,5.6423,0.8506,0.2015,1,0.5047,1
0.5562,7.7952,0.0162,0.8184,0,0.5238,1
0.8899,9.9196,0.2941,0.2103,1,0.332,0
0.1028,1.2596,0.9792,0.6738,1,0.6719,1
0.3243,6.7648,0.5942,0.6032,0,0.3516,0
0.2759,7.6858,0.2263,0.6924,0,0.6004,1
0.6253,7.4708,0.2187,0.0599,0,0.3884,0
0.045,7.3415,0.3413,0.4785,1,0.6383,1
0.332,4.6534,0.0137,0.0816,0,0.5407,1
0.4264,5.4815,0.1746,0.2959,0,0.4748,0
0.9653,0.5042,0.8904,0.5769,0,0.3633,0
0.0899,6.0091,0.341,0.9173,0,0.6167,1
0.1433,7.1472,0.2934,0.5255,0,0.5255,1
0.6764,6.7963,0.9459,0.2958,0,0.2398,0
0.272,2.1789,0.6618,0.6337,0,0.6376,1
0.5566,3.4273,0.1346,0.0944,1,0.533,1
0.9184,6.4979,0.1034,0.402,1,0.4462,0
0.0,7.1214,0.3566,0.2545,0,0.517,1
0.5403,8.5115,0.9576,0.5657,0,0.2579,0
0.38,6.0714,0.3887,0.2403,0,0.3891,0
0.3149,0.9664,0.1769,0.9873,0,0.8084,1
0.9956,5.8271,0.8125,0.3269,0,0.2174,0
0.4027,6.7251,0.6822,0.3152,0,0.3126,0
0.5785,6.9342,0.7006,0.7535,1,0.4866,0
0.5,7.3025,0.6192,0.1866,0,0.2871,0
0.6171,8.4996,0.1962,0.1255,1,0.3334,0
0.108,4.7849,0.5856,0.5414,0,0.6026,1
0.2337,6.3777,0.8201,0.0416,0,0.4564,0
0.6893,2.5231,0.3078,0.6136,1,0.6497,1
0.7302,3.6482,0.641,0.4662,0,0.4641,0
0.7017,5.5646,0.3586,0.9113,0,0.4539,0
0.7665,7.0211,0.3314,0.6757,0,0.375,0
0.7563,4.5418,0.4123,0.9347,0,0.4933,0
0.9693,3.7784,0.062,0.3393,0,0.3839,0
0.1619,6.581,0.9977,0.4517,0,0.3339,0
0.8833,4.1483,0.3873,0.6597,0,0.4143,0
0.6482,0.6145,0.8137,0.9405,0,0.6701,1
0.5817,4.0146,0.3381,0.1268,0,0.4084,0
0.1627,7.3437,0.2088,0.0586,0,0.5058,1
0.577,3.4548,0.803,0.5403,0,0.4353,0
0.5659,9.0802,0.3963,0.2963,0,0.2902,0
0.5957,0.8062,0.9396,0.7551,0,0.4448,0
0.8284,0.8019,0.4768,0.6301,1,0.5827,1
0.9409,1.2435,0.8751,0.9709,0,0.493,0
0.7221,0.4029,0.4054,0.5163,0,0.5631,1
0.4813,8.0968,0.9505,0.0221,1,0.3236,0
0.0861,8.1439,0.2803,0.1322,0,0.3847,0
0.0546,5.9946,0.9024,0.3832,0,0.51,1
0.4426,0.4836,0.8205,0.8263,0,0.6418,1
0.5547,8.2593,0.6315,0.7844,0,0.3269,0
0.4141,9.5795,0.5411,0.6051,0,0.3968,0
0.1848,0.5959,0.6044,0.7637,0,0.7764,1
0.2268,6.6652,0.0801,0.4418,0,0.5177,1
0.3867,0.5115,0.3978,0.5117,0,0.6078,1
0.3828,8.3915,0.1453,0.5057,0,0.4557,0
0.566,8.7803,0.5579,0.9598,0,0.3408,0
0.098,0.4407,0.1853,0.5413,0,0.732,1
0.0772,1.6989,0.1269,0.1233,0,0.7139,1
0.2458,3.5814,0.9895,0.6843,1,0.5692,1
0.5547,0.7676,0.0042,0.6704,0,0.6374,1
0.4108,4.8964,0.4154,0.024,0,0.4264,0
0.7287,3.1536,0.3931,0.2369,0,0.4555,0
0.179,7.9751,0.6775,0.5469,0,0.3677,0
0.7824,9.9251,0.2407,0.8743,1,0.374,0
0.2247,3.9933,0.4097,0.9782,0,0.6089,1
0.7309,4.2001,0.5784,0.8326,1,0.6044,1
0.8664,0.5962,0.6921,0.14,0,0.2876,0
0.5196,9.9653,0.1352,0.6755,0,0.4506,0
0.133,1.5874,0.9493,0.8796,1,0.7796,1
0.4838,4.1839,0.3578,0.5938,0,0.4626,0
0.1615,4.7174,0.5535,0.5703,0,0.6032,1
0.5639,2.6116,0.695,0.5674,1,0.5456,1
0.735,6.1011,0.4882,0.1332,0,0.396,0
0.5137,2.8818,0.0065,0.4962,0,0.5345,1
0.7346,0.2395,0.5848,0.9415,0,0.5389,1
0.6257,5.5053,0.4074,0.5214,1,0.5221,1
0.1963,0.2256,0.8617,0.5771,1,0.771,1
0.4297,7.4986,0.913,0.5721,0,0.3404,0
0.2688,1.9864,0.2469,0.3064,0,0.542,1
0.6154,0.8157,0.0878,0.1718,0,0.673,1
0.214,2.8328,0.4003,0.8119,0,0.7201,1
0.7987,9.3275,0.0201,0.1538,1,0.4487,0
0.4585,5.6459,0.663,0.6791,1,0.5677,1
0.0492,2.3108,0.8974,0.2562,0,0.5091,1
0.1381,8.5911,0.5001,0.6749,0,0.4985,0
0.3126,4.1068,0.2097,0.9766,0,0.6925,1
0.9345,3.0339,0.7819,0.7659,0,0.3791,0
0.1307,6.7171,0.7293,0.5751,0,0.4771,0
0.5045,3.1219,0.4275,0.6452,1,0.6164,1
0.2692,1.9863,0.7834,0.9093,0,0.5319,1
0.7513,8.97,0.8461,0.1828,1,0.1759,0
0.0624,4.8617,0.109,0.2485,0,0.5462,1
0.8088,8.7549,0.3025,0.8587,1,0.4252,0
0.6903,9.4502,0.6825,0.3316,0,0.2283,0
0.6457,5.1057,0.12,0.3121,1,0.5518,1
0.6623,7.5183,0.8119,0.9457,0,0.3554,0
0.8585,1.3169,0.705,0.742,0,0.4938,0
0.1689,0.5363,0.7175,0.4755,1,0.7011,1
0.3834,1.6828,0.8364,0.5489,0,0.5233,1
0.6043,4.609,0.8287,0.8296,1,0.6097,1
0.1054,8.3885,0.671,0.697,0,0.4604,0
0.1126,4.0778,0.8864,0.0472,1,0.5597,1
0.6792,6.3138,0.2706,0.2488,1,0.5238,1
0.3931,1.3925,0.0107,0.5443,1,0.753,1
0.3691,3.5719,0.3441,0.5205,0,0.5606,1
0.5078,1.3837,0.9827,0.25,0,0.4749,0
0.6631,5.9537,0.4151,0.4222,1,0.5114,1
0.6487,4.1897,0.458,0.2566,1,0.4848,0
0.5129,3.2085,0.5961,0.9957,0,0.5442,1
0.0547,2.0424,0.4187,0.2196,0,0.6552,1
0.915,8.4388,0.7423,0.1678,0,0.1523,0
0.9288,4.3054,0.1191,0.5124,0,0.4273,0
0.3748,6.2133,0.7187,0.1106,0,0.3374,0
0.8024,3.4124,0.4442,0.6756,0,0.4368,0
0.8614,8.6604,0.0099,0.778,0,0.389,0
0.9869,7.5457,0.2486,0.5384,1,0.4228,0
0.8575,0.9737,0.7064,0.3456,0,0.3459,0
0.8189,3.3733,0.8275,0.0006,0,0.2528,0
0.2412,2.3357,0.0682,0.1871,0,0.6011,1
0.3769,8.759,0.9053,0.493,0,0.2027,0
0.1068,9.534,0.0602,0.2977,0,0.4239,0
0.7832,1.225,0.6349,0.1238,0,0.3844,0
0.9094,1.9013,0.8213,0.5446,0,0.3729,0
0.8539,0.1323,0.5118,0.7694,1,0.6566,1
0.9092,8.1962,0.8882,0.1992,0,0.0864,0
0.3933,5.4456,0.1599,0.6912,0,0.4869,0
0.3103,5.0335,0.7964,0.7395,0,0.4812,0
0.0874,3.7736,0.4135,0.0398,0,0.4784,0
0.9556,9.5363,0.3523,0.0431,0,0.1889,0
0.1412,7.6352,0.1087,0.9813,0,0.6044,1
0.7752,3.4259,0.6277,0.192,0,0.3706,0
0.8083,0.6904,0.3348,0.3137,0,0.5504,1
0.356,1.4851,0.5965,0.8144,0,0.6054,1
0.2375,2.999,0.6428,0.6009,0,0.5454,1
0.3625,8.24,0.2041,0.469,1,0.5253,1
0.6839,0.2535,0.69,0.3161,0,0.5209,1
0.6098,2.408,0.3868,0.0806,0,0.4332,0
0.9108,0.0605,0.4839,0.1232,0,0.429,0
0.9261,1.6169,0.9658,0.2058,1,0.4578,0
0.554,5.3456,0.1955,0.1662,1,0.5431,1
0.3278,3.7208,0.7598,0.3388,1,0.5862,1
0.8809,0.4961,0.2571,0.465,0,0.6087,1
0.7439,9.1921,0.4238,0.3421,1,0.326,0
0.3516,9.0955,0.569,0.7622,1,0.3448,0
0.3418,4.3369,0.8485,0.3633,1,0.5272,1
0.7416,8.051,0.845,0.3951,0,0.2419,0
0.4019,6.7376,0.4504,0.749,0,0.4129,0
0.7494,5.457,0.2041,0.2919,1,0.5263,1
0.4826,2.1603,0.9673,0.7151,1,0.5341,1
0.898,5.2505,0.7073,0.2522,0,0.1349,0
0.1234,2.0598,0.0009,0.0393,1,0.8007,1
0.8391,5.5066,0.1531,0.7281,0,0.3942,0
0.7313,7.6975,0.9754,0.5736,0,0.1986,0
0.8974,1.1938,0.3278,0.8157,0,0.5565,1
0.3936,4.7344,0.8545,0.34,1,0.4945,0
0.8475,1.8182,0.4303,0.1655,1,0.5151,1
0.5353,6.3532,0.1965,0.2117,0,0.4495,0
0.8579,6.6693,0.4354,0.9531,1,0.3975,0
0.9302,5.2759,0.2589,0.0528,1,0.397,0
0.5325,5.6442,0.6006,0.1663,0,0.3171,0
0.6172,9.6982,0.7276,0.9226,1,0.3339,0
0.6667,6.2338,0.6025,0.4898,0,0.3683,0
0.3344,5.1931,0.1976,0.8052,0,0.5855,1
0.6583,4.3772,0.2768,0.5582,0,0.4412,0
0.9329,9.2265,0.5024,0.3279,1,0.2872,0
0.3363,9.2054,0.012,0.5528,1,0.543,1
0.485,0.854,0.9725,0.518,0,0.4813,0
0.4291,0.749,0.1062,0.8375,0,0.6449,1
0.195,5.0491,0.7687,0.0619,0,0.4642,0
0.2624,4.2171,0.0399,0.4491,0,0.6066,1
0.5709,3.3243,0.3155,0.1066,0,0.4713,0
0.9663,9.7007,0.8651,0.6008,1,0.2182,0
0.2852,6.3077,0.4556,0.482,1,0.5225,1
0.9246,0.5622,0.4856,0.9128,0,0.484,0
0.5464,2.4974,0.3433,0.852,0,0.5506,1
0.016,9.6369,0.377,0.6032,0,0.4737,0
0.6831,9.3257,0.5757,0.1261,0,0.1782,0
0.8798,6.4868,0.8992,0.6235,0,0.3205,0
0.3097,2.0179,0.9088,0.7604,0,0.4986,0
0.7565,4.7416,0.2258,0.6166,0,0.4372,0
0.3262,4.6856,0.148,0.9847,0,0.6315,1
0.7691,4.2551,0.5654,0.021,0,0.3021,0
0.4458,8.1666,0.8852,0.0867,0,0.2192,0
0.8296,1.337,0.9354,0.7514,1,0.5661,1
0.6766,3.634,0.9382,0.2756,0,0.3764,0
0.9294,2.048,0.798,0.7385,0,0.4459,0
0.3872,2.8277,0.3045,0.9829,0,0.7155,1
0.4345,8.6953,0.1807,0.9477,0,0.4619,0
0.3262,7.5619,0.3938,0.6082,0,0.412,0
0.0585,2.9993,0.4743,0.168,0,0.6132,1
0.4,0.5739,0.5833,0.8843,0,0.733,1
0.4193,7.011,0.4107,0.5046,0,0.4784,0
0.6917,6.6134,0.0384,0.3683,1,0.5296,1
0.9099,7.1726,0.5821,0.7978,1,0.2749,0
0.4569,4.7511,0.3861,0.9667,0,0.5227,1
0.5497,4.1716,0.8777,0.204,1,0.4408,0
0.5577,0.5461,0.9718,0.5126,0,0.534,1
0.3049,1.9268,0.1291,0.2979,1,0.7299,1
0.4716,2.2748,0.1662,0.3327,1,0.6141,1
0.8911,4.6036,0.7097,0.9837,0,0.3917,0
0.0967,7.2046,0.2818,0.1843,0,0.4761,0
0.6059,4.2835,0.0271,0.7835,0,0.5267,1
0.7619,8.933,0.4328,0.5355,0,0.33,0
0.8939,3.3582,0.6151,0.9269,1,0.529,1
0.509,4.5282,0.2787,0.9589,0,0.4927,0
0.279,4.0497,0.9988,0.055,0,0.3975,0
0.0826,1.5452,0.4396,0.5105,0,0.6426,1
0.3032,9.6656,0.9447,0.3349,0,0.2326,0
0.9096,0.0618,0.8107,0.9484,0,0.4848,0
0.2576,4.4994,0.6929,0.7332,1,0.6233,1
0.2875,5.3822,0.5333,0.4056,0,0.5964,1
0.2273,5.4379,0.695,0.5152,1,0.5663,1
0.6113,3.7097,0.7722,0.1705,0,0.3145,0
0.7818,4.8417,0.794,0.5765,0,0.2415,0
0.81,2.3829,0.2244,0.5045,0,0.3616,0
0.967,5.712,0.8634,0.1395,0,0.2147,0
0.868,5.8311,0.718,0.372,0,0.1572,0
0.8671,2.44,0.9667,0.9581,0,0.3653,0
0.3481,8.9556,0.9666,0.4434,0,0.365,0
0.2735,7.3647,0.0517,0.0493,0,0.4713,0
0.3535,3.1563,0.491,0.3207,0,0.4508,0
0.5765,9.8334,0.2416,0.6813,1,0.3586,0
0.6073,0.8858,0.6769,0.0641,0,0.4046,0
0.8416,0.3035,0.8438,0.4603,0,0.4649,0
0.1338,9.5331,0.0727,0.1991,0,0.4866,0
0.1256,2.8973,0.2388,0.2135,0,0.7252,1
0.704,2.1745,0.3667,0.3909,1,0.5372,1
0.5059,7.7773,0.8583,0.8449,0,0.3006,0
0.6872,3.1283,0.0609,0.7016,0,0.4914,0
0.6934,7.6625,0.3041,0.8116,0,0.3619,0
0.4463,7.2702,0.6929,0.9874,0,0.484,0
0.9151,1.5636,0.7518,0.5683,0,0.4894,0
0.4744,3.3378,0.5793,0.889,0,0.565,1
0.0512,2.3286,0.492,0.3102,0,0.7294,1
0.5041,3.2281,0.2581,0.464,0,0.515,1
0.7759,8.0796,0.7678,0.114,0,0.1931,0
0.8343,5.7735,0.6464,0.4584,0,0.3125,0
0.0814,4.3501,0.2927,0.5454,0,0.6062,1
0.6916,7.9501,0.1634,0.1043,0,0.3255,0
0.4673,1.0671,0.6496,0.868,1,0.7541,1
0.6261,0.7528,0.1124,0.0493,0,0.5355,1
0.3851,9.4298,0.6104,0.835,1,0.4432,0
0.1125,7.3592,0.2751,0.6391,0,0.558,1
0.0246,6.9669,0.7253,0.8364,1,0.607,1
0.9756,0.6528,0.8218,0.6463,0,0.4367,0
0.9825,9.1182,0.4391,0.0399,0,0.1054,0
0.8264,7.015,0.4593,0.0551,0,0.2882,0
0.6411,3.1165,0.5253,0.0661,1,0.4983,0
0.3601,4.7787,0.3553,0.6825,0,0.4984,0
0.3157,1.2525,0.6555,0.0398,0,0.5544,1
0.8697,8.9083,0.449,0.4593,0,0.2942,0
0.2447,4.213,0.8388,0.8771,0,0.5527,1
0.5506,1.9249,0.1019,0.9111,1,0.7603,1
0.3424,5.4648,0.0914,0.7566,0,0.6546,1
0.1866,1.8823,0.1842,0.057,0,0.6234,1
0.8195,3.2674,0.3496,0.5963,0,0.437,0
0.0266,7.3523,0.6256,0.5808,1,0.5319,1
0.3525,1.2611,0.1299,0.6762,1,0.831,1
0.9627,6.2835,0.1841,0.1057,1,0.4932,0
0.7815,7.0328,0.8345,0.0562,1,0.3473,0
0.8509,2.8614,0.6404,0.3142,1,0.4744,0
0.1665,7.1222,0.1759,0.2354,0,0.4718,0
0.9148,2.1171,0.1442,0.759,0,0.481,0
0.1568,6.8343,0.5937,0.7548,0,0.534,1
0.448,4.0547,0.9841,0.2922,0,0.4068,0
0.2523,9.1529,0.2657,0.8958,0,0.3958,0
0.6566,9.0699,0.1687,0.9683,0,0.4328,0
0.3016,1.883,0.3037,0.093,0,0.5903,1
0.1047,4.2294,0.7956,0.1414,0,0.4019,0
0.0976,1.6685,0.9237,0.8215,0,0.6411,1
0.6558,5.3728,0.6771,0.6827,0,0.4405,0
0.5695,8.3239,0.9916,0.1636,0,0.1786,0
0.6743,9.7996,0.9856,0.6867,0,0.1842,0
0.7807,9.102,0.3828,0.6306,0,0.3067,0
0.4378,3.1037,0.7621,0.9362,1,0.6421,1
0.7374,2.5284,0.0673,0.268,1,0.6108,1
0.6332,7.2105,0.2572,0.7194,0,0.5043,1
0.1461,8.23,0.235,0.6523,0,0.4461,0
0.596,1.0745,0.0169,0.9096,0,0.6675,1
0.6629,9.6545,0.9158,0.5029,1,0.2447,0
0.1357,9.7744,0.9644,0.1637,0,0.2403,0
0.816,3.7832,0.0884,0.3422,1,0.5412,1
0.6297,4.1616,0.1665,0.9862,1,0.6654,1
0.0566,1.2038,0.5808,0.9288,0,0.7143,1
0.8429,4.4589,0.7086,0.7319,0,0.4418,0
0.0707,3.6154,0.5348,0.9962,0,0.5974,1
0.8161,4.3207,0.7964,0.5954,1,0.5329,1
0.63,4.1738,0.1443,0.0936,0,0.3786,0
0.8735,2.3647,0.2115,0.736,0,0.4661,0
0.9597,8.5158,0.8638,0.4068,1,0.244,0
0.1439,0.0862,0.02,0.5866,0,0.7834,1
0.4227,7.1807,0.4427,0.7322,0,0.4506,0
0.8131,5.8843,0.2108,0.2367,0,0.3482,0
0.2583,8.6701,0.6693,0.4481,0,0.4187,0
0.2043,6.268,0.3587,0.9956,0,0.7269,1
0.9168,8.0082,0.4511,0.7187,0,0.2685,0
0.4924,1.9232,0.4639,0.2458,1,0.6316,1
0.5331,6.3154,0.5429,0.1294,0,0.3314,0
0.0991,6.2295,0.4469,0.778,0,0.5495,1
0.9266,7.1042,0.4189,0.5173,0,0.2411,0
0.9846,6.6641,0.2854,0.5858,0,0.2718,0
0.7176,7.7682,0.6734,0.6145,1,0.4316,0
0.0786,3.3091,0.2483,0.988,0,0.7745,1
0.2121,2.39,0.2813,0.4111,0,0.6872,1
0.0197,8.7939,0.9656,0.3416,0,0.3247,0
0.1597,7.9008,0.6163,0.0449,0,0.3701,0
0.3089,3.6873,0.7697,0.8109,0,0.5237,1
0.7718,4.8388,0.8975,0.9078,0,0.398,0
0.9365,8.2553,0.7913,0.2009,1,0.2169,0
0.9523,0.4986,0.1499,0.5376,0,0.5861,1
0.6452,0.1697,0.9604,0.0446,0,0.4001,0
0.9323,6.6595,0.8227,0.0133,0,0.1409,0
0.4596,4.9897,0.0722,0.6844,0,0.5692,1
0.1494,6.4826,0.1724,0.8724,0,0.694,1
0.1572,9.6234,0.5184,0.0729,0,0.3677,0
0.8178,9.7895,0.5019,0.455,1,0.2885,0
0.1325,5.4692,0.5462,0.0895,0,0.4862,0
0.1289,7.2,0.1012,0.6231,0,0.5565,1
0.7889,2.3369,0.6392,0.2357,1,0.5032,1
0.1271,4.2754,0.1609,0.7003,1,0.814,1
0.1058,5.0614,0.8146,0.9362,0,0.5517,1
0.3942,8.482,0.493,0.4719,0,0.401,0
0.8468,8.3194,0.4035,0.3333,0,0.1827,0
0.794,4.8648,0.334,0.1068,0,0.3757,0
0.9493,3.051,0.1689,0.4607,0,0.4539,0
0.5441,5.5171,0.3566,0.4473,1,0.5374,1
0.3773,2.5823,0.2435,0.4578,1,0.7313,1
0.0211,4.1893,0.7759,0.3387,0,0.4682,0
0.205,7.42,0.0523,0.8525,0,0.5765,1
0.7227,3.1923,0.9059,0.1266,0,0.3547,0
0.493,0.8194,0.196,0.9438,1,0.8385,1
0.5448,2.6974,0.7024,0.6589,1,0.5813,1
0.265,6.7206,0.052,0.1136,0,0.4913,0
0.3001,1.5126,0.2847,0.376,1,0.8035,1
0.5397,0.7748,0.018,0.1023,0,0.6129,1
0.8018,4.6637,0.3617,0.1084,1,0.483,0
0.7832,1.6812,0.5123,0.4874,0,0.4799,0
0.5402,0.5032,0.0629,0.1873,0,0.6462,1
0.7434,7.2333,0.1361,0.8361,0,0.393,0
0.3723,2.5466,0.489,0.4074,1,0.6024,1
0.0559,1.4218,0.0528,0.6258,0,0.7789,1
0.527,5.6159,0.1708,0.1977,0,0.5081,1
0.5935,2.1012,0.1163,0.9701,0,0.6901,1
0.2972,1.3563,0.1456,0.6974,0,0.7412,1
0.7827,9.3748,0.6919,0.1559,0,0.1368,0
0.0725,7.0328,0.4025,0.92,0,0.6034,1
0.0904,9.4786,0.2586,0.3372,0,0.4416,0
0.1233,4.0097,0.3507,0.7728,1,0.7118,1
0.1534,3.6655,0.3734,0.1514,1,0.6046,1
0.3667,1.0581,0.6282,0.1214,1,0.6493,1
0.7807,3.9024,0.5786,0.9113,0,0.4377,0
0.8431,6.4421,0.6507,0.8668,1,0.3893,0
0.9198,0.9485,0.5441,0.7405,1,0.5369,1
0.7974,7.2011,0.0861,0.4638,0,0.4052,0
